Date,Coal Australia Index,Shrimp Index,Wheat Index,Natural gas EU price,Natural Gas US price,Natural Gas US Index,Beef price,Beef Index,Coal Australia price,Natural gas EU index,Shrimp price,Wheat price
1990M1,54.22234665,54.98576419,117.2607858,1.729999966,,,126.3099976,70.87774473,38,39.73966231,4.693143676,167.9185791
1990M2,54.22234665,58.77786866,112.3856036,1.729999966,,,111.4599915,62.54479435,38,39.73966231,5.016807289,160.9372711
1990M3,54.22234665,60.04189775,109.3065457,1.729999966,,,112.6700134,63.22378754,38,39.73966231,5.124694671,156.5280304
1990M4,54.22234665,61.93799871,111.3592545,2.109999763,,,112.1299973,62.92076221,38,48.46860098,5.286530637,159.4675293
1990M5,57.7896063,63.2020278,104.1747789,2.109999763,,,112.4899902,63.12276911,40.5,48.46860098,5.394418019,149.1792908
1990M6,57.7896063,64.46605689,94.68102056,2.109999763,,,113.5799866,63.73441097,40.5,48.46860098,5.5023054,135.584137
1990M7,57.7896063,55.61778447,87.23996568,1.919999864,,,116.0700073,65.13166423,40.5,44.10413165,4.747087857,124.9284744
1990M8,57.7896063,56.88182502,81.59501905,1.919999864,,,120.390007,67.55579408,40.5,44.10413165,4.854976217,116.8448563
1990M9,57.7896063,60.67396963,79.7989108,1.919999864,,,122.3299866,68.64439655,40.5,44.10413165,5.178643256,114.2728119
1990M10,57.7896063,66.36215786,80.05549541,2.379999797,,,117.2600098,65.79942364,40.5,54.67074571,5.664141367,114.6402435
1990M11,57.7896063,66.36215786,78.77256171,2.379999797,,,114.9500122,64.50318882,40.5,54.67074571,5.664141367,112.8030701
1990M12,57.7896063,66.36215786,79.02914099,2.379999797,,,115.5599976,64.84547673,40.5,54.67074571,5.664141367,113.1704941
1991M1,57.7896063,70.15424513,77.74620729,2.959999932,1.43,56.02121198,117.6200027,66.00143053,40.5,67.99387287,5.987803511,111.3333206
1991M2,57.7896063,73.94638973,79.54232087,2.959999932,1.41375,55.3846073,123.9599915,69.55905946,40.5,67.99387287,6.31147055,113.9053726
1991M3,56.36270244,75.84243336,83.39114327,2.959999932,1.356,53.1222122,117.5599976,65.96775915,39.5,67.99387287,6.473301623,119.4169235
1991M4,56.36270244,75.84243336,84.41749236,3.410000271,1.3625,53.37685408,118.4400024,66.46156615,39.5,78.33078724,6.473301623,120.8866653
1991M5,56.36270244,72.68230331,85.22061924,3.410000271,1.336,52.33869875,119.1119995,66.8386514,39.5,78.33078724,6.203578275,122.0367508
1991M6,56.36270244,65.09807144,83.90431782,3.410000271,1.251166667,49.01529585,122.640007,68.8183618,39.5,78.33078724,5.556249091,120.1517944
1991M7,56.36270244,54.35374391,82.54803694,3.120000203,1.1485,44.99326011,121.8700027,68.38628067,39.5,71.66922366,4.639199496,118.2095871
1991M8,56.36270244,56.88182502,87.51815433,3.120000203,1.3028,51.03806641,119.8099976,67.23032687,39.5,71.66922366,4.854976217,125.3268433
1991M9,56.36270244,58.14585411,94.53349506,3.120000203,1.473125,57.71066287,124.5,69.86208051,39.5,71.66922366,4.962863599,135.372879
1991M10,56.36270244,58.14585411,102.574162,2.540000068,1.682,65.89348151,123.3999863,69.24481747,39.5,58.3460965,4.962863599,146.8871918
1991M11,56.36270244,56.88182502,104.4242457,2.540000068,1.8052,70.71992439,122.8333435,68.92685087,39.5,58.3460965,4.854976217,149.5365295
1991M12,56.36270244,62.57001326,112.3153519,2.540000068,1.848,72.39664318,118.2666626,66.36429802,39.5,58.3460965,5.340474328,160.8366699
1992M1,56.36270244,58.14585411,118.6826993,2.379999797,1.4405,56.43255655,116.6388931,65.4508895,39.5,54.67074571,4.962863599,169.9547729
1992M2,56.36270244,58.77786866,123.6937178,2.379999797,1.18,46.2272938,114.4852905,64.24241433,39.5,54.67074571,5.016807289,177.1306
1992M3,56.36270244,58.77786866,118.2608904,2.379999797,1.26,49.36134762,111.1125183,62.34981285,39.5,54.67074571,5.016807289,169.3507385
1992M4,56.36270244,60.04189775,111.6830434,2.339999729,1.3905,54.47377291,108.171051,60.69923434,39.5,53.75190801,5.124694671,159.9311981
1992M5,56.36270244,61.93799871,104.5308007,2.339999729,1.5533,60.85157243,107.7638931,60.47076127,39.5,53.75190801,5.286530637,149.6891174
1992M6,56.36270244,62.57001326,103.8161465,2.339999729,1.5915,62.34808313,105.8999863,59.42484632,39.5,53.75190801,5.340474328,148.6657257
1992M7,56.36270244,65.73008598,95.19420043,2.390000237,1.6832,65.94049232,106.4305725,59.72258012,39.5,54.90046487,5.610192782,136.3190155
1992M8,56.36270244,72.05028876,89.5025294,2.390000237,1.914,74.98223758,110.921051,62.24237267,39.5,54.90046487,6.149634584,128.1684875
1992M9,56.36270244,72.05028876,96.88188356,2.390000237,2.088,81.79880463,110.6923218,62.11402326,39.5,54.90046487,6.149634584,138.7357941
1992M10,53.15216875,72.05028876,98.17062451,2.35000017,2.4164,94.66409555,113.3863525,63.62575494,37.25,53.98162717,6.149634584,140.5812836
1992M11,49.94163507,63.2020278,103.0539048,2.35000017,2.278,89.24218245,115.2368469,64.66414359,35,53.98162717,5.394418019,147.5741882
1992M12,49.94163507,64.46605689,103.2309035,2.35000017,2.21275,86.6859698,115.2874985,64.69256627,35,53.98162717,5.5023054,147.827652
1993M1,49.94163507,74.57840428,108.6939393,2.699999915,1.9464,76.25152937,106.8026428,59.93136411,35,62.02143756,6.365414241,155.6507721
1993M2,44.23401963,75.21041882,103.96884,2.699999915,1.7355,67.98938,108.3235321,60.78479776,31,62.02143756,6.419357932,148.8843842
1993M3,44.23401963,76.47444791,103.2811868,2.699999915,2.168,84.93285845,114.5909119,64.30168282,31,62.02143756,6.527245313,147.8996582
1993M4,44.23401963,76.47444791,99.15603514,2.609999975,2.3321,91.36158634,117.5749969,65.97617593,31,59.95405761,6.527245313,141.9924011
1993M5,44.23401963,76.47444791,95.37701696,2.599999958,2.135,83.64006125,121.3947372,68.11958961,31,59.72434818,6.527245313,136.5808105
1993M6,44.23401963,76.47444791,85.06771271,2.599999958,1.974,77.33277794,124.4875031,69.85506796,31,59.72434818,6.527245313,121.8177872
1993M7,44.23401963,73.52502759,89.05135392,2.550000085,2.0536,80.45116149,127.9404831,71.79267735,31,58.57580593,6.275506458,127.5223999
1993M8,44.23401963,71.76939978,90.63975969,2.550000085,2.32075,90.91694246,127.1666565,71.35845136,31,58.57580593,6.125660154,129.7970123
1993M9,44.23401963,67.62618695,91.68535263,2.550000085,2.25175,88.21382104,124.0119019,69.58818853,31,58.57580593,5.772028748,131.2943115
1993M10,44.23401963,68.25820149,94.94081247,2.540000068,2.0368,79.79301019,121.0625,67.9331576,31,58.3460965,5.825972439,135.9561615
1993M11,44.23401963,68.25820149,102.3048973,2.540000068,2.2995,90.08445941,119.8421021,67.24834202,31,58.3460965,5.825972439,146.5016022
1993M12,44.23401963,68.89021604,110.7851358,2.540000068,2.1176,82.95840454,111.6607132,62.65742759,31,58.3460965,5.87991613,158.6453857
1994M1,44.23401963,68.89021604,106.9880885,2.219999949,2.384,93.39480375,109.8421021,61.63692994,31,50.99540465,5.87991613,153.2079773
1994M2,44.23401963,68.89021604,102.67914,2.219999949,2.739,107.3021676,113.1111069,63.47130325,31,50.99540465,5.87991613,147.0375214
1994M3,42.09366385,77.10646245,98.49359293,2.219999949,2.1275,83.3462437,122.03125,68.47676315,29.5,50.99540465,6.581189004,141.0437775
1994M4,42.09366385,78.05451294,98.08080924,2.239999983,2.0405,79.93796018,119.1907883,66.88286302,29.5,51.4548235,6.662106987,140.4526672
1994M5,44.80478118,79.26585026,97.8676032,2.239999983,1.934,75.76575103,108.4444427,60.8526457,31.4,51.4548235,6.765497022,140.1473541
1994M6,47.94396967,80.27536492,97.27897169,2.239999983,1.962375,76.87736075,101.2619019,56.82222602,33.6,51.4548235,6.851661094,139.3044281
1994M7,47.23051774,81.11659846,96.08904991,2.349999958,1.8976,74.33975655,99.38749695,55.77042019,33.1,53.9816223,6.92346204,137.6004486
1994M8,47.23051774,82.44960274,101.9714652,2.349999958,1.631,63.8955222,99.78408813,55.99296385,33.1,53.9816223,7.037236591,146.0241241
1994M9,47.23051774,82.79465069,110.8827296,2.349999958,1.48,57.97999562,100.1552429,56.20123409,33.1,53.9816223,7.066687115,158.785141
1994M10,47.23051774,85.3227662,116.7506534,2.439999898,1.5195,59.52743469,96.38095093,54.08332332,33.1,56.04900226,7.282466772,167.1880646
1994M11,47.23051774,85.3227662,113.1184894,2.439999898,1.576625,61.765345,99.27500153,55.70729437,33.1,56.04900226,7.282466772,161.9867706
1994M12,51.51122932,85.3227662,114.9585463,2.439999898,1.6864,66.06585447,100.9499969,56.64720333,36.1,56.04900226,7.282466772,164.6217499
1995M1,52.93813318,89.11485347,109.086616,2.589999941,1.485125,58.18077094,97.76249695,54.85856572,37.1,59.49463876,7.606128917,156.213089
1995M2,53.6515851,89.74686801,107.8345407,2.589999941,1.521125,59.59109516,98.47368622,55.25764333,37.6,59.49463876,7.660072608,154.420105
1995M3,54.721763,89.74686801,105.0174377,2.589999941,1.5196,59.53135226,93.76999664,52.61820928,38.35,59.49463876,7.660072608,150.3859863
1995M4,52.93813318,89.74686801,104.0346697,2.689999898,1.62675,63.72902559,88.44736481,49.63146121,37.1,61.79172814,7.660072608,148.978653
1995M5,55.32106262,92.27498353,110.7615126,2.689999898,1.659,64.99244104,82.02272797,46.02633273,38.77,61.79172814,7.875852265,158.611557
1995M6,58.17487034,92.27498353,118.7008669,2.689999898,1.6287,63.80541815,79.89772797,44.83390766,40.77,61.79172814,7.875852265,169.9807892
1995M7,58.57440342,92.27498353,132.7402219,2.76944436,1.4325,56.11915117,76.61250305,42.99043258,41.05,63.6166392,7.875852265,190.0852814
1995M8,58.33182976,87.85082438,128.7653982,2.76944436,1.5315,59.99754276,78.53260803,44.06788261,40.88,63.6166392,7.498241535,184.3932953
1995M9,58.40317496,83.42666523,135.244394,2.76944436,1.627,63.73881951,81.5,45.73300853,40.93,63.6166392,7.120630806,193.6712799
1995M10,58.46025111,78.37049154,142.3117123,2.824999915,1.761,68.98835965,84.57954407,47.46106761,40.97,64.8928005,6.689076386,203.791748
1995M11,56.49112378,77.10646245,142.5041507,2.689999898,1.989,77.92041303,88.98863983,49.93519294,39.59,61.79172814,6.581189004,204.0673218
1995M12,56.14866686,76.47444791,145.8963207,2.689999898,2.6724,104.6930678,87.43421173,49.06293927,39.35,61.79172814,6.527245313,208.924942
1996M1,56.17720494,76.47473459,137.1696755,2.680000093,2.934125,114.9463207,86.26190186,48.40510789,39.37,61.56202358,6.527269782,196.4283017
1996M2,56.04878359,76.47473459,143.9703714,2.680000093,3.83325,150.1701474,83.05263519,46.60425612,39.28,61.56202358,6.527269782,206.166964
1996M3,55.66351955,76.47473459,143.3350103,2.680000093,2.922,114.4713157,79.31944275,44.509408,39.01,61.56202358,6.527269782,205.2571208
1996M4,56.12012878,76.47473459,167.2587978,2.689999898,2.2515,88.20402712,81.5,45.73300853,39.33,61.79172814,6.527269782,239.5162157
1996M5,54.50772742,77.35942881,173.5985961,2.689999898,2.2408,87.78484742,81.3125,45.62779455,38.2,61.79172814,6.602780183,248.5948683
1996M6,54.50772742,79.12881726,150.2964904,2.689999898,2.491,97.58660074,77,43.20787309,38.2,61.79172814,6.753800985,215.2260275
1996M7,54.79310819,77.10657712,137.1407713,2.689999898,2.55875,100.2407526,77.6818161,43.5904682,38.4,61.79172814,6.581198792,196.3869106
1996M8,54.721763,76.72701292,126.7428674,2.689999898,2.042,79.99672369,80.22727203,45.01882842,38.35,61.79172814,6.548802236,181.4970117
1996M9,54.36503703,74.95762447,119.3990044,2.689999898,1.831625,71.75514154,78.67500305,44.14778632,38.1,61.79172814,6.397781434,170.9805289
1996M10,53.6515851,75.33661532,118.4321507,2.939999898,2.2725,89.02671625,81.42391205,45.69031244,37.6,67.53445402,6.430129052,169.5959849
1996M11,50.94046777,80.01351148,118.2015932,2.939999898,3.0804,120.6767422,82.17058563,46.10930176,35.7,67.53445402,6.829311386,169.2658244
1996M12,50.44105142,83.42672257,117.1996777,2.939999898,3.8145,149.4356036,83.01249695,46.58173289,35.35,67.53445402,7.1206357,167.8310717
1997M1,50.26982296,86.20751776,117.1715221,3,3.2791,128.4609484,81.47727203,45.72025493,35.23,68.91271057,7.357982067,167.7907526
1997M2,49.37087353,88.6093221,114.6435713,2.944444444,2.134375,83.61557645,85.32894897,47.88158958,34.6,67.63654926,7.562980816,164.1707027
1997M3,49.22818314,90.37871055,117.1141483,2.760000017,1.892375,74.13506366,93.36250305,52.38954783,34.5,63.39969411,7.714001617,167.7085929
1997M4,50.51239661,92.27481152,122.6024682,2.729999966,2.0105,78.76269,90.98863983,51.05747535,35.4,62.71056584,7.875837584,175.56792
1997M5,50.98327489,93.41235743,117.5989999,2.729999966,2.2166,86.83679614,86.5,48.53871457,35.73,62.71056584,7.972929376,168.402905
1997M6,49.22818314,94.5504767,98.60314836,2.729999966,2.203,86.30400699,80.10713959,44.95141715,34.5,62.71056584,8.070070106,141.2006619
1997M7,49.94163507,96.82556852,91.06647003,2.599999958,2.173875,85.16301553,81.72727203,45.86054023,35,59.72434818,8.26425369,130.4080657
1997M8,52.69555952,95.18231923,97.30798929,2.599999958,2.442,95.66699277,82.82142639,46.47451533,36.93,59.72434818,8.123999115,139.3459816
1997M9,53.00947837,89.36787716,96.53544801,2.599999958,2.8505,111.6702551,80.47023773,45.15516648,37.15,59.72434818,7.62772499,138.239695
1997M10,53.00947837,92.65437573,95.1160999,2.449999915,3.0604,119.8932288,79.71739197,44.7327137,37.15,56.27871168,7.908234139,136.2071748
1997M11,47.94396967,94.5504767,94.53989223,2.449999915,2.932125,114.8679694,83.2361145,46.70721392,33.6,56.27871168,8.070070106,135.3820398
1997M12,44.80478118,94.80332838,90.59233981,2.449999915,2.327625,91.18627521,84.28408813,47.29527511,31.4,56.27871168,8.091651497,129.7291066
1998M1,44.80478118,94.80332838,88.93110922,2.489999983,2.1093,82.63324646,82.86904907,46.50123838,31.4,57.19754938,8.091651497,127.3502083
1998M2,47.71566505,94.80332838,89.60057095,2.489999983,2.2115,86.63700021,82.08750153,46.06267984,33.44,57.19754938,8.091651497,128.308884
1998M3,45.48969503,94.80332838,89.54925333,2.489999983,2.223,87.08752045,81.6818161,45.83503303,31.88,57.19754938,8.091651497,128.2353967
1998M4,44.49086233,94.80332838,82.53973246,2.369999992,2.451875,96.05385254,81.73750305,45.86628128,31.18,54.44104115,8.091651497,118.197695
1998M5,43.20664886,94.80332838,82.64581109,2.369999992,2.1539,84.38048146,80.40000153,45.11575405,30.28,54.44104115,8.091651497,118.3496006
1998M6,42.80711578,96.06701346,78.46931185,2.369999992,2.145,84.03181798,77.47727203,43.47569009,30,54.44104115,8.199509516,112.3688133
1998M7,42.80711578,93.28621827,74.45517836,2.209999932,2.192,85.87307459,75.9375,42.61166055,30,50.76569523,7.962163149,106.6205354
1998M8,37.38488111,91.01112645,67.73926326,2.209999932,1.856,72.71004856,76.11904907,42.71353522,26.2,50.76569523,7.767979564,97.00328
1998M9,38.65482554,86.46036945,68.13580854,2.209999932,1.962,76.86266987,75.04762268,42.11231372,27.09,50.76569523,7.379563458,97.57113667
1998M10,38.66909458,81.15163075,78.32046853,1.910000059,1.9252,75.42100511,74.26190186,41.67141338,27.1,43.87442709,6.926452115,112.1556683
1998M11,37.24219072,82.16246414,80.73361869,1.910000059,2.10275,82.3766458,75.5735321,42.40742317,26.1,43.87442709,7.012728743,115.6113226
1998M12,37.24219072,82.16246414,78.07530203,1.910000059,1.72175,67.4507145,76.34722137,42.8415721,26.1,43.87442709,7.012728743,111.8045875
1999M1,37.24219072,81.32019854,78.1371913,1.788888889,1.8452,72.2869513,77.59999847,43.54455696,26.1,41.09239408,6.94083971,111.8932135
1999M2,37.24219072,80.89877906,72.81970801,1.788888889,1.77675,69.6053765,81.825,45.91537942,26.1,41.09239408,6.904870724,104.278526
1999M3,37.24219072,80.89877906,73.0272097,1.788888889,1.7745,69.51723123,81.5,45.73300853,26.1,41.09239408,6.904870724,104.5756704
1999M4,37.24219072,81.65676076,71.45979098,1.67,2.1099,82.65675186,79.11111111,44.39250453,26.1,38.36140888,6.969565961,102.3311117
1999M5,37.24219072,85.32282354,69.55981705,1.67,2.2595,88.5174325,79.85,44.80712553,26.1,38.36140888,7.282471666,99.61033063
1999M6,37.24219072,85.95466607,69.79196821,1.67,2.308125,90.42234959,79.93478261,44.85470055,26.1,38.36140888,7.336400676,99.94277333
1999M7,37.24219072,85.95466607,64.9534494,1.73,2.2993,90.07662428,81.59538095,45.78653071,26.1,39.73966309,7.336400676,93.01396762
1999M8,37.24219072,86.27058734,68.45071214,1.73,2.7865,109.163012,88.32954545,49.56534792,26.1,39.73966309,7.36336518,98.02208167
1999M9,37.24219072,83.26847526,66.19973455,1.73,2.59775,101.7686038,86.47727273,48.52596136,26.1,39.73966309,7.107128979,94.79866
1999M10,36.52873879,82.79488003,61.83773654,2.038888889,2.6896,105.3668893,84.64285714,47.49659518,25.6,46.83511996,7.06670669,88.55223667
1999M11,35.81528687,85.32282354,64.01873554,2.038888889,2.333,91.39684445,87.93125,49.34184793,25.1,46.83511996,7.282471666,91.67544833
1999M12,35.81528687,85.32282354,63.15414515,2.038888889,2.3526,92.16468763,88.875,49.87142494,25.1,46.83511996,7.282471666,90.43734652
2000M1,35.81528687,85.32282354,65.37865257,3.055555556,2.40275,94.12934762,88.2,49.49265463,25.1,70.18887187,7.282471666,93.62286267
2000M2,35.81528687,85.32282354,68.5517923,3.055555556,2.657375,104.1044533,89.05,49.96962465,25.1,70.18887187,7.282471666,98.16682944
2000M3,35.81528687,86.0813786,67.31533507,3.055555556,2.7816,108.9710512,90.46,50.76083376,25.1,70.18887187,7.34721584,96.39621072
2000M4,35.81528687,86.58650861,65.94314643,3.24,3.035263158,118.9084761,90.05,50.53076586,25.1,74.42572741,7.390329685,94.43122333
2000M5,36.52873879,86.58650861,69.21185594,3.24,3.589545456,140.622858,90.9,51.00773589,25.6,74.42572741,7.390329685,99.11204696
2000M6,36.52873879,86.58650861,72.18290295,3.24,4.287272728,167.9567932,88.05681818,49.41230941,25.6,74.42572741,7.390329685,103.366615
2000M7,36.52873879,86.57733485,67.82479263,3.59,3.9895,156.2913463,86.92857143,48.77920366,25.6,82.46554364,7.389546687,97.12575889
2000M8,36.52873879,86.58650861,67.49383115,3.59,4.426521739,173.4119669,86.39130435,48.47772096,25.6,82.46554364,7.390329685,96.65181884
2000M9,38.74043978,86.16566249,72.23566457,3.59,5.0645,198.4051945,82.69190476,46.40183541,27.15,82.46554364,7.354409637,103.4421702
2000M10,38.74043978,87.21892451,75.26196037,3.93,5.021363636,196.7152984,82.875,46.50457769,27.15,90.27565084,7.444307632,107.775855
2000M11,38.74043978,88.48260958,73.34921258,3.93,5.522,216.3280647,89.71590909,50.34329369,27.15,90.27565084,7.552165651,105.0367817
2000M12,43.87729367,89.24116464,79.42685206,3.93,8.9135,349.1923588,88.15,49.46459757,30.75,90.27565084,7.616909825,113.7400202
2001M1,45.80361388,91.43254592,76.45159619,4.22,8.172857142,320.1771765,87.80681818,49.27202411,32.1,96.93721286,7.80394855,109.479425
2001M2,45.80361388,93.53906995,72.1525789,4.22,5.551578947,217.4868399,87.5625,49.13492711,32.1,96.93721286,7.98374454,103.3231907
2001M3,46.51706581,94.80332838,73.72243166,4.22,5.177727272,202.840949,91.05818182,51.09649823,32.6,96.93721286,8.091651497,105.571235
2001M4,47.80127928,94.80332838,74.12952926,4.26,5.1825,203.0279239,90.1125,50.56583719,33.5,97.856049,8.091651497,106.1542027
2001M5,48.22935044,94.80332838,77.3557397,4.26,4.195,164.341947,91.48863636,51.33804401,33.8,97.856049,8.091651497,110.7741672
2001M6,48.37204083,94.80332838,76.41438536,4.26,3.727142858,146.0133288,94.45238095,53.00112323,33.9,97.856049,8.091651497,109.4261387
2001M7,48.51473121,94.80332838,75.65850564,3.78,3.107142858,121.7244117,98.45454545,55.24690266,34,86.83001531,8.091651497,108.3437117
2001M8,48.22935044,88.48260958,72.78177759,3.78,2.954347825,115.7385635,101.8043478,57.12661481,33.8,86.83001531,7.552165651,104.2242093
2001M9,46.80244658,78.79168168,72.04994365,3.78,2.190526316,85.81534202,107.25,60.18239466,32.8,86.83001531,6.725025796,103.176216
2001M10,46.23168504,75.21047616,73.20570578,3.24,2.470434783,96.78094451,103.3913043,58.01712151,32.4,74.42572741,6.419362825,104.8312786
2001M11,41.95097346,69.52217325,74.58161309,3.24,2.3555,92.27829708,104.275,58.51299956,29.4,74.42572741,5.933854927,106.8015911
2001M12,39.02582055,66.7964206,72.88385504,3.218571429,2.423157895,94.92884062,100.8333333,56.58173857,27.35,73.93349377,5.70120655,104.3703852
2002M1,41.5229023,67.78431959,74.15396622,2.79,2.258095238,88.46240001,101.0454545,56.70076852,29.1,64.08882083,5.785525682,106.1891967
2002M2,42.5930802,72.37381866,72.51180226,2.79,2.310526316,90.51642275,102.95,57.76948746,29.85,64.08882083,6.1772485,103.837602
2002M3,42.16500904,75.62386054,71.61374385,2.79,3.0315,118.7610518,109.025,61.1784203,29.55,64.08882083,6.454646,102.5515737
2002M4,41.1519073,68.70701682,73.18592923,2.56,3.427727272,134.2835218,103.7386364,58.21202382,28.84,58.80551302,5.864279714,104.8029583
2002M5,40.85225749,72.73516354,72.69252955,2.56,3.504545456,137.2929258,96.4673913,54.13182858,28.63,58.80551302,6.20809,104.0964052
2002M6,38.02698785,76.2319355,80.59432799,2.56,3.225,126.3415445,93.89473684,52.68820614,26.65,58.80551302,6.5065464,115.411857
2002M7,35.52990609,75.21116334,92.62831075,2.52,2.99,117.1352614,96.9047619,54.37725525,24.9,57.88667688,6.419421478,132.6446367
2002M8,34.24569262,73.31591379,104.4780166,2.52,3.087272728,120.945986,95.72727273,53.71651754,24,57.88667688,6.257658182,149.61353
2002M9,34.88779936,74.34795794,121.0484995,2.532380952,3.553,139.1911652,92.5625,51.94063315,24.45,58.17107854,6.34574519,173.3426217
2002M10,37.4562263,76.3039513,125.728178,2.78,4.133043478,161.9147586,86.967,48.80076752,26.25,63.85911179,6.512693091,180.0439667
2002M11,37.4562263,79.34084064,114.7193259,2.78,4.062105264,159.1357064,81.5625,45.76807985,26.25,63.85911179,6.7718976,164.279184
2002M12,37.4562263,79.81216365,104.1864392,2.813636364,4.747619047,185.99117,84,47.13586155,26.25,64.63176946,6.81212595,149.1959883
2003M1,38.06775653,81.63774052,98.10219061,3.15,5.461428571,213.9551383,85.35,47.89340218,26.67857143,72.35834609,6.967942545,140.4832856
2003M2,38.44996292,82.29409151,98.92147197,3.15,7.862631579,308.0238814,83.75,46.99557625,26.94642857,72.35834609,7.0239634,141.6565044
2003M3,37.30334375,78.49899912,90.25487065,3.17037037,5.944285714,232.8713917,83.875,47.0657189,26.14285714,72.82627191,6.700044762,129.2458475
2003M4,35.85095946,81.59341413,88.0219431,3.577777778,5.276666667,206.7169664,82.625,46.36429239,25.125,82.18478816,6.9641592,126.0482737
2003M5,35.62163563,86.4375136,91.5164289,3.577777778,5.813333333,227.7412441,79.3,44.49849787,24.96428571,82.18478816,7.377612667,131.0524111
2003M6,36.84469608,88.81840191,82.51140779,3.58,5.829047619,228.3568618,78.25,43.9092996,25.82142857,82.23583461,7.58082619,118.1571338
2003M7,37.22690247,84.73712797,80.84858349,3.61,5.027272727,196.946791,81,45.45243792,26.08928571,82.92496172,7.232481391,115.7759533
2003M8,38.71750739,82.34722756,93.21479788,3.61,4.986190476,195.3373662,91.125,51.13399266,27.13392857,82.92496172,7.028498667,133.4844919
2003M9,40.81964254,83.22423943,91.23540382,3.61,4.620952381,181.0289181,97,54.43069727,28.60714286,82.92496172,7.103353364,130.6499805
2003M10,42.04270299,82.46477593,90.82103791,3.6,4.633913043,181.5366608,98.4,55.21629496,29.46428571,82.69525268,7.038531652,130.0566045
2003M11,45.73099467,81.16454533,98.70539776,3.6,4.491666667,175.9640633,110.75,62.14638889,32.04910714,82.69525268,6.9275544,141.347084
2003M12,51.98006916,78.30371366,101.3034328,3.6,6.14,240.5386305,105.4,59.14428342,36.42857143,82.69525268,6.683376762,145.0674954
2004M1,57.71316502,79.80041122,102.85518,3.39,6.150526316,240.951006,107.06,60.07577783,40.44642857,77.87136294,6.811122857,147.2896124
2004M2,63.82846727,80.60350853,98.97549052,3.39,5.376315789,210.6207878,99.5,55.83355029,44.73214286,77.87136294,6.8796688,141.7338595
2004M3,74.81690101,74.55946198,99.54452685,3.39,5.396086957,211.3953366,97.25,54.57098257,52.43303571,77.87136294,6.363797478,142.548725
2004M4,81.40996125,72.31796172,101.9998863,3.48,5.715238095,223.8982971,102.1,57.29251743,57.05357143,79.93874426,6.172481,146.0648235
2004M5,86.28309273,81.10735274,99.98833835,3.48,6.335,248.1778867,114.625,64.32081107,60.46875,79.93874426,6.9226729,143.1842674
2004M6,91.0415623,81.94348988,95.57296487,3.48,6.267142857,245.5195374,116.75,65.51323614,63.80357143,79.93874426,6.994038857,136.8614098
2004M7,93.83166895,81.48311184,92.44869906,3.81,5.935,232.5076176,120.3,67.50528743,65.75892857,87.51914242,6.954744682,132.387431
2004M8,90.58291463,76.60616457,85.2339077,3.81,5.407727273,211.8513538,126.75,71.12464823,63.48214286,87.51914242,6.538487591,122.05578
2004M9,84.65871557,77.44213871,88.56138907,3.81,5.167142857,202.4262974,127.875,71.75593209,59.33035714,87.51914242,6.609839636,126.8207655
2004M10,86.56974753,78.43358261,85.93258271,4.34,6.378571429,249.8848267,119.5,67.05637447,60.66964286,99.69372129,6.694461333,123.0562894
2004M11,80.76021039,77.77894616,88.77948897,4.34,6.187,242.3798871,118.375,66.42509061,56.59821429,99.69372129,6.638586818,127.1330867
2004M12,79.88113569,79.17139152,86.28054382,4.34,6.581904762,257.8505468,116.8,65.5412932,55.98214286,99.69372129,6.757434783,123.554573
2005M1,81.09655201,71.47424204,85.73891977,5.06,6.152,241.0087385,115.25,64.67152433,56.83392857,116.2327718,6.100467857,122.7789622
2005M2,76.28457355,73.03668848,85.98402894,5.06,6.138421053,240.4767742,117.375,65.8639494,53.46160714,116.2327718,6.23382575,123.1299609
2005M3,77.85544182,83.51722194,90.75055224,5.06,6.955454545,272.4846109,120,67.33694507,54.5625,116.2327718,7.12836,129.9556683
2005M4,78.35231012,78.67155294,83.84322231,5.51,7.175714286,281.1134344,118.2,66.32689089,54.91071429,126.5696784,6.714772571,120.0643051
2005M5,78.44786172,80.46010949,83.20786126,5.51,6.473809524,253.6158431,121.45,68.15059982,54.97767857,126.5696784,6.867429409,119.1544619
2005M6,77.97010373,76.25161828,85.52548511,5.51,7.184545455,281.4594013,120.325,67.51931596,54.64285714,126.5696784,6.508226364,122.4733217
2005M7,77.81722118,75.31002732,90.89634095,6.13,7.6165,298.3815112,122.6,68.79591221,54.53571429,140.8116386,6.427859714,130.1644392
2005M8,72.33082217,79.78735953,91.8697024,6.13,9.524782609,373.1397662,120,67.33694507,50.69074675,140.8116386,6.81000887,131.5583022
2005M9,68.95003291,75.96356455,95.93951932,6.13,12.5315381,490.931435,120.3,67.50528743,48.32142857,140.8116386,6.483640409,137.3863194
2005M10,63.5372624,72.35292562,99.91052592,6.96,13.63380952,534.1136598,116.5,65.37295084,44.52806122,159.8774885,6.175465238,143.0728392
2005M11,57.9911333,73.59867765,95.2186289,6.96,10.3005,403.5290168,117.25,65.79380675,40.64123377,159.8774885,6.281792636,136.3539973
2005M12,59.48660267,76.67821754,97.76007312,6.96,13.04904762,511.2052188,115.5,64.81180963,41.68928571,159.8774885,6.544637455,139.99337
2006M1,65.127969,74.0209824,100.9545952,7.66,8.685,340.2407175,113.625,63.75966986,45.64285714,175.957121,6.317837182,144.5679565
2006M2,72.6574349,73.85240538,110.9541043,7.66,7.525263158,294.8072466,114.75,64.39095372,50.91964286,175.957121,6.3034488,158.8873502
2006M3,75.92945396,75.90661908,108.7933622,7.66,6.88,269.5286283,111.9,62.79170128,53.21273292,175.957121,6.47878,155.7931467
2006M4,80.57760067,78.35537118,112.5746608,8.14,7.168421053,280.827717,112.575,63.17047159,56.4702381,186.9831547,6.687785833,161.2080028
2006M5,80.93675334,80.1914727,123.3255802,8.14,6.235909091,244.2959336,112.5,63.128386,56.72193878,186.9831547,6.844500727,176.6034233
2006M6,78.35231012,82.25614714,123.547179,8.14,6.203636364,243.0316278,111.7,62.67947304,54.91071429,186.9831547,7.020724773,176.920755
2006M7,81.26799888,84.25861074,126.6390658,8.4,6.173157895,241.8376133,115.125,64.60138168,56.95408163,192.9555896,7.191639,181.3483668
2006M8,79.38426738,86.60751484,115.313033,8.4,7.132608696,279.4247439,117.625,66.0042347,55.63392857,192.9555896,7.392122609,165.1293783
2006M9,74.038838,80.97051718,115.1824064,8.4,4.897,191.8432693,117.5,65.93409205,51.8877551,192.9555896,6.910993714,164.9423197
2006M10,68.05011059,79.93459363,127.3960008,8.65,5.843636364,228.9283857,117.875,66.14452,47.69074675,198.6983155,6.822575591,182.432305
2006M11,68.79715035,81.95012451,127.3043622,8.65,7.41,290.2917348,121.25,68.03837158,48.21428571,198.6983155,6.994605136,182.3010776
2006M12,77.78101215,82.04588427,125.3689547,8.65,6.7295,263.6326895,121.2,68.01031452,54.51033835,198.6983155,7.002778421,179.5295553
2007M1,79.56842137,73.25365289,120.5066098,8.39,6.5855,257.9913927,119.25,66.91608916,55.76298701,192.7258806,6.252344091,172.5666305
2007M2,79.91553426,75.51764859,122.3925325,8.39,8.004736842,313.5909507,118.375,66.42509061,56.00625,192.7258806,6.4455806,175.26729
2007M3,81.22580726,73.2280594,121.0279502,8.39,7.11,278.539033,118.4,66.43911914,56.92451299,192.7258806,6.250159636,173.313195
2007M4,82.83418296,73.16133934,124.6889961,7.83,7.599,297.695937,117.625,66.0042347,58.05169173,179.8621746,6.244464947,178.5558482
2007M5,83.41199473,74.40155195,124.3052803,7.83,7.640909091,299.3377538,116.625,65.44309349,58.45663265,179.8621746,6.350319545,178.0063633
2007M6,90.10970672,78.60726788,144.214741,7.83,7.347142857,287.829264,119,66.77580386,63.1505102,179.8621746,6.709285714,206.5169037
2007M7,103.8697986,82.27556992,155.0280974,7.79,6.222857143,243.7846148,117.5,65.93409205,72.79383117,178.9433384,7.022382545,222.0017346
2007M8,106.7815164,79.16335931,168.0763736,7.79,6.22826087,243.9963094,118.4,66.43911914,74.83441558,178.9433384,6.756749217,240.6869922
2007M9,104.9538749,83.19767398,208.0659548,7.79,6.068947368,237.7550958,118.25,66.35494795,73.55357143,178.9433384,7.10108595,297.9524591
2007M10,113.4521509,81.51231079,212.0310339,8.56,6.735652174,263.8737051,115.875,65.02223758,79.50931677,196.6309342,6.95723687,303.6304907
2007M11,132.8688399,80.68501402,200.0654215,8.56,7.1055,278.3627425,117.66,66.02387464,93.11688312,196.6309342,6.886625455,286.4956181
2007M12,141.1347389,79.72120035,236.8878529,8.56,7.131447368,279.3792481,119.5,67.05637447,98.90977444,196.6309342,6.804362053,339.2256959
2008M1,140.5303407,78.97652294,234.7170359,10.27,7.982857143,312.7337988,121.325,68.08045717,98.4862013,235.9111792,6.740802364,336.1170651
2008M2,202.4601853,80.69518894,275.0496335,10.27,8.5455,334.7757112,127.7,71.65773238,141.8877551,235.9111792,6.887493905,393.8737348
2008M3,196.5747817,78.04013486,281.9903421,10.27,9.411,368.6822559,106.7,59.87376699,137.7631579,235.9111792,6.660879789,403.8128967
2008M4,187.9760522,80.08856088,228.2467944,11.9,10.18,398.8083482,103.75,58.21840043,131.737013,273.3537519,6.835717,326.8516167
2008M5,204.1555437,80.92733465,201.4094545,11.9,11.26761905,441.4165561,124.2,69.69373815,143.0758929,273.3537519,6.907308,288.4202863
2008M6,238.2783842,86.18964254,219.3828412,11.9,12.68238095,496.8408054,129.5,72.66778656,166.9897959,273.3537519,7.356456381,314.15835
2008M7,278.5121352,88.13087988,209.0959903,14.36,11.08363636,434.2089107,133,74.63178079,195.1863354,329.8621746,7.522144826,299.42748
2008M8,247.2875349,84.91993557,212.4036444,14.36,8.251428571,323.2552652,135.5,76.03463381,173.3035714,329.8621746,7.248084381,304.1640727
2008M9,234.7233684,86.53487905,183.6926558,14.36,7.621052632,298.5598636,129.4,72.61167243,164.4983766,329.8621746,7.385923,263.0496594
2008M10,170.3244619,82.88065993,141.6016521,16.02,6.736086957,263.890738,115.9166667,65.04561847,119.3664596,367.9938744,7.074028174,202.774935
2008M11,144.6628257,81.89558815,135.5539936,16.02,6.696666667,262.3464216,115,64.53123903,101.3823214,367.9938744,6.98995035,194.1146296
2008M12,117.874635,81.78197717,131.8740744,16.02,5.836190476,228.636688,111.25,62.42695949,82.60867347,367.9938744,6.980253429,188.8449497
2009M1,122.0883694,72.90016655,147.5381681,16.02,5.233,205.0062953,114.125,64.04024047,85.56173469,367.9938744,6.222173333,211.2760833
2009M2,115.326192,71.59865325,136.3293187,14.47,4.505789474,176.5173337,107.125,60.11225201,80.82267857,332.388974,6.1110866,195.2249026
2009M3,93.39386891,74.4594523,139.0357709,11.47,3.957727273,155.0466283,112.375,63.05824335,65.45211039,263.4762634,6.355261455,199.1005683
2009M4,94.56168316,71.55204976,140.2837222,8.6,3.494761905,136.9096486,115.5,64.81180963,66.27053571,197.5497703,6.1071089,200.8876467
2009M5,95.62401577,74.68790272,158.6484336,8.6,3.8315,150.10159,119.6,67.11248859,67.01503759,197.5497703,6.37476015,227.186091
2009M6,108.178307,75.86938502,158.7382395,8.6,3.8,148.8675563,122.125,68.52937014,75.81331169,197.5497703,6.475602,227.3146938
2009M7,110.756765,74.43940923,136.3999111,6.79,3.381363636,132.4671952,124,69.58150991,77.62034161,155.9724349,6.353550739,195.3259917
2009M8,111.1303302,73.72047171,125.3860605,6.18,3.139047619,122.9743022,124,69.58150991,77.88214286,141.9601838,6.292188,179.5540511
2009M9,104.3770907,77.96735422,109.5875635,6.18,2.986190476,116.9860208,124.125,69.65165256,73.14935065,141.9601838,6.654667818,156.9304506
2009M10,108.0219499,77.59532683,114.3333329,6.45,3.999090909,156.6670766,120.5,67.61751567,75.70373377,148.1623277,6.622914545,163.7264383
2009M11,117.3846828,76.88596984,124.0265937,6.45,3.676842105,144.0427629,125,70.14265111,82.26530612,148.1623277,6.562369524,177.6072814
2009M12,123.2269805,74.13635971,119.5211893,6.45,5.343636364,209.3405493,127,71.26493353,86.35969388,148.1623277,6.327684864,171.1554987
2010M1,142.8955033,75.58101678,117.1932469,7.59,5.824210526,228.1673654,133.875,75.12277934,100.14375,174.3491577,6.4509892,167.8218628
2010M2,140.063354,73.5980176,111.8439098,7.59,5.315263158,208.2290099,141.75,79.54176636,98.15892857,174.3491577,6.2817363,160.1615604
2010M3,142.83219,72.80889301,109.2619144,7.59,4.290869565,168.0977018,152.1,85.34957788,100.0993789,174.3491577,6.214382957,156.464118
2010M4,149.7713963,77.58948344,109.5142526,8.35,4.032857143,157.9898915,164.75,92.44801417,104.9625,191.8070444,6.6224158,156.8254687
2010M5,154.0130826,75.15827671,110.5638202,7.87,4.138,162.1089337,157.75,88.52002571,107.9351504,180.7810107,6.4149075,158.3284597
2010M6,149.0882893,81.24507773,104.1981023,8.06,4.801363636,188.0966504,144.8055556,81.2563645,104.4837662,185.1454824,6.934428,149.21269
2010M7,146.7735084,85.65648,127.6098242,8.48,4.628095238,181.3087443,145.3863636,81.58227985,102.861526,194.7932619,7.310949905,182.7385022
2010M8,138.1912707,84.29744352,153.5446627,8.57,4.314545455,169.0252206,152.5,85.57403436,96.84693878,196.8606432,7.194953455,219.8774417
2010M9,142.8576302,86.71297463,167.8984353,8.49,3.894761905,152.5799177,152.5,85.57403436,100.1172078,195.0229709,7.40112381,240.4321828
2010M10,147.2666704,89.70666147,163.8254044,8.64,3.433809524,134.5217981,154.75,86.83660208,103.2071429,198.4686064,7.6566409,234.5995632
2010M11,160.6462105,85.06970502,168.8816343,8.71,3.714,145.4984485,156.5,87.8185992,112.5837662,200.0765697,7.2608675,241.8401333
2010M12,176.6303134,85.49265196,191.658495,8.73,4.245714286,166.3287133,173.0277778,97.0930164,123.7857143,200.5359877,7.296966857,274.4568182
2011M1,201.1842712,89.23515628,206.6945588,9.19,4.492,175.9771218,185.625,104.1618369,140.9935714,211.1026034,7.616397,295.9886068
2011M2,192.0961676,86.82675771,221.7866668,9.14,4.092105263,160.3109765,183.725,103.0956686,134.6244643,209.9540582,7.410835421,317.6006514
2011M3,194.0179346,91.68549457,199.2834386,9.12,3.972173913,155.6125852,187.7173913,105.3359639,135.9712733,209.4946401,7.825538217,285.3758111
2011M4,187.6743794,94.4151362,214.5616855,10.03,4.2355,165.9285618,193,108.3002533,131.5255952,230.3981623,8.058518526,307.2544084
2011M5,182.5906947,91.64398993,214.5198855,10.02,4.313809524,168.9963901,184.1136364,103.3137485,127.9628571,230.1684533,7.821995714,307.1945503
2011M6,183.1602517,90.35745334,199.2290109,10,4.537386364,177.7551632,178.3636364,100.0871865,128.362013,229.7090352,7.712187273,285.29787
2011M7,184.0553096,89.33697583,189.5673019,11.2,4.4225,173.2544126,177.7619048,99.74953014,128.9892857,257.2741194,7.6250875,271.4622093
2011M8,181.8760382,93.93875585,201.5966194,11.11,4.053913043,158.8147706,180.8478261,101.4811678,127.462013,255.2067381,8.017858522,288.6883083
2011M9,186.2992086,89.7512606,190.1806697,11.11,3.89,152.3933669,175.9318182,98.72259314,130.5618506,255.2067381,7.660447524,272.3405579
2011M10,182.5192039,96.71274524,175.6895502,12.11,3.563809524,139.6146355,174.28125,97.79639132,127.9127551,278.1776417,8.254624,251.5891348
2011M11,175.1457311,94.35811436,170.765502,12.02,3.264,127.8693957,186.6818182,104.7548611,122.7452922,276.1102603,8.0536516,244.5378502
2011M12,168.626402,91.40967171,164.8450367,12.11,3.162857143,123.9070563,190.0909091,106.6678425,118.1764286,278.1776417,7.80199619,236.0596865
2012M1,175.6314807,92.00034355,170.1820695,12.33,2.67727,104.8838533,190.9318182,107.1397113,123.0857143,283.2312404,7.8524112,243.7023692
2012M2,178.3156616,96.04510985,171.7729159,12.22,2.50486,98.12957556,194.0952381,108.9148366,124.9668367,280.704441,8.19764,245.9804765
2012M3,162.8824654,91.25260223,170.0362808,12.51,2.163636364,84.76191006,194.3636364,109.0654459,114.150974,287.3660031,7.78859,243.4935983
2012M4,157.4642052,88.82231782,159.2770745,12.57,1.94875,76.34359221,192.0952381,107.7925541,110.3537594,288.7442573,7.581160421,228.0863108
2012M5,148.1404174,87.42764549,159.8310716,12.57,2.432727273,95.30372744,187.3043478,105.1041882,103.8194805,288.7442573,7.462122381,228.87964
2012M6,132.3520383,87.6159269,168.9693852,12.56,2.458571429,96.31618963,183.5952381,103.0228539,92.75469925,288.5145482,7.478192571,241.9657935
2012M7,130.3678202,83.8484431,217.0002373,11.38,2.954004762,115.7251238,180.3636364,101.209469,91.36412338,261.4088821,7.156630381,310.7464381
2012M8,133.3531996,84.11726459,220.3534137,11.4,2.840547826,111.280372,183.1304348,102.7620336,93.45633117,261.8683002,7.179574826,315.5482191
2012M9,132.9611948,84.44645149,221.1249395,11.38,2.852105263,111.7331423,180.25,101.1457029,93.18160714,261.4088821,7.207671579,316.6530516
2012M10,123.9771179,82.84899435,222.3503386,11.57,3.319130435,130.0291676,181.5434783,101.8715269,86.88540373,265.7733538,7.071325455,318.4078349
2012M11,124.454045,85.01673495,223.0850412,11.64,3.5395,138.6622936,192.0227273,107.7518653,87.21964286,267.381317,7.2563464,319.4599362
2012M12,137.0913976,86.47094793,211.6176745,11.64,3.338235,130.7776018,195.6190476,109.7699089,96.07612782,267.381317,7.380466353,303.0385561
2013M1,138.3413405,86.55016645,201.2628327,11.39,3.338571429,130.7907816,195.3913043,109.6421127,96.95211039,261.6385911,7.38722781,288.2103225
2013M2,143.1859802,87.80857199,189.7184038,11.36,3.3055,129.4951862,194.275,109.0157084,100.3473214,260.949464,7.494635211,271.6785887
2013M3,138.8616971,87.63707027,183.8967045,11.36,3.784285714,148.2519386,191.7857143,107.6188676,97.31678571,260.949464,7.4799972,263.341859
2013M4,133.0347605,90.95859615,184.475194,11.64,4.161363636,163.0242199,191.6818182,107.5605672,93.23316327,267.381317,7.763496,264.1702617
2013M5,132.8818779,94.92545715,192.7676555,11.41,4.074347826,159.615317,179.5869565,100.7736419,93.12602041,262.0980092,8.102075429,276.0451467
2013M6,127.911484,97.34879963,186.347121,11.32,3.806,149.1026104,174.25,97.77885565,89.64267857,260.0306279,8.3089125,266.8508792
2013M7,117.3234031,93.73528861,179.7982924,10.98,3.643043478,142.718679,176.5833333,99.08818514,82.22236025,252.2205207,8.00049219,257.4728933
2013M8,117.3220737,99.64350922,180.8129818,10.97,3.412272727,133.6780796,176.2647059,98.90939015,82.22142857,251.9908116,8.5047705,258.9259383
2013M9,118.8552674,105.6166661,179.8169534,10.96,3.615714286,141.6480395,175.5952381,98.53372419,83.29591837,251.7611026,9.01459125,257.499616
2013M10,121.9198504,113.6089359,194.2372056,10.93,3.655217391,143.1956002,178.0652174,99.91973135,85.44363354,251.0719755,9.696747273,278.1495567
2013M11,126.0858843,119.2533905,181.4077997,10.96,3.651428571,143.0471707,183.3095238,102.8625278,88.36326531,251.7611026,10.17851263,259.7777233
2013M12,127.6286513,122.1405687,171.8651654,10.99,4.283636364,167.8143362,185.9545455,104.3467584,89.44446429,252.4502297,10.424939,246.1125787
2014M1,125.5297822,119.9324847,160.5997252,10.9,4.52826087,177.3976658,187.4565217,105.1895792,87.97353896,250.3828484,10.23647467,229.9803594
2014M2,118.472515,124.6404756,169.5507277,10.83,5.1635,202.2835861,190.25,106.757115,83.02767857,248.7748851,10.638311,242.7982816
2014M3,113.7999508,125.995014,192.4655258,10.69,4.484761905,175.6935646,197.7619048,110.9723543,79.75306122,245.5589587,10.75392352,275.612494
2014M4,112.0415102,125.7418151,193.003139,10.79,4.614090909,180.7601153,191.2272727,107.305503,78.52071429,247.856049,10.7323125,276.3823613
2014M5,112.4894561,124.7326117,201.0551185,10.64,4.528636364,177.412376,194.5454545,109.1674716,78.83464286,244.4104135,10.646175,287.9128738
2014M6,110.3688295,121.6677038,182.7151773,10.52,4.593333333,179.9469233,200.7857143,112.6691384,77.34846939,241.6539051,10.38457905,261.6499006
2014M7,105.64517,114.1931051,166.5840043,9.4,4.04173913,158.3378494,227.5,127.659625,74.03804348,215.9264931,9.746607273,238.549905
2014M8,105.9453183,109.9898032,160.0254565,10.38,3.899047619,152.7478134,258.8571429,145.2554101,74.24839286,238.4379786,9.387847143,229.1580011
2014M9,102.0602251,110.0976608,147.4648572,10.4,3.926363636,153.8179368,272.2954545,152.7962005,71.52564935,238.8973966,9.397053,211.1711014
2014M10,98.43443096,115.808853,147.1532859,10.4,3.801304348,148.918655,266.9347826,149.7881066,68.98462733,238.8973966,9.884514545,210.7249283
2014M11,96.07445606,114.9921598,150.8285334,10.16,4.2395,166.0852645,261.5,146.7384261,67.33071429,233.3843798,9.814808167,215.9879182
2014M12,95.83406644,112.113568,164.0064601,10.45,3.486521739,136.5868346,239.5869565,134.4421144,67.1622449,240.0459418,9.569114667,234.8588367
2015M1,92.34397608,104.3771957,148.7569617,9.5,2.936363636,115.0340208,232.0227273,130.1975137,64.71632653,218.2235835,8.9088,213.0214075
2015M2,100.8237527,103.9580459,140.8803816,9.29,2.7565,107.9877418,209.875,117.7695112,70.65910714,213.3996937,8.873024737,201.7420688
2015M3,97.52169793,101.70805,141.5433366,9.29,2.746363636,107.590643,207.7954545,116.6025926,68.34496753,213.3996937,8.680983136,202.6914267
2015M4,87.32345853,99.8972327,136.8225595,7.39,2.596363636,101.7142921,214.4318182,120.3265297,61.19785714,169.754977,8.5264263,195.9312283
2015M5,93.70654665,102.4970506,134.9268621,7.37,2.857619048,111.9491486,199.2142857,111.7873451,65.6712406,169.295559,8.748325895,193.2165712
2015M6,90.04435108,99.84599108,139.5489471,7.3,2.768636364,108.4631921,195.0454545,109.4480422,63.10470779,167.6875957,8.522052727,199.8354417
2015M7,92.01136947,90.91536874,139.1174126,6.68,2.809130435,110.0495745,204.4130435,114.7045823,64.48322981,153.4456355,7.759806455,199.21748
2015M8,90.45602211,91.48554799,121.1706843,6.66,2.752857143,107.8450305,212,118.9619363,63.39321429,152.9862175,7.808472381,173.5175916
2015M9,88.13331913,92.58405799,114.5727041,6.49,2.638181818,103.3525475,202.4090909,113.580082,61.76542208,149.0811639,7.902232381,164.0692202
2015M10,81.80537114,97.74575225,115.5379642,6.01,2.384545455,93.4161723,184.5454545,103.5560595,57.33068182,138.0551302,8.34279319,165.4514819
2015M11,79.58993082,96.86145452,110.1978445,5.87,2.275714286,89.15263805,177.0714286,99.36207549,55.77806122,134.8392037,8.267316632,157.8043789
2015M12,79.71514891,99.52996176,114.4499639,5.81,2.042173913,80.00353685,167.1086957,93.7715755,55.86581633,133.4609495,8.495079,163.893455
2016M1,76.23794437,94.77426395,114.951477,5.09,2.232380952,87.45502557,159.0714286,89.26153373,53.42892857,116.9218989,8.089170789,164.6116267
2016M2,76.74121919,98.73627189,111.2309493,4.79,1.93047619,75.62770342,171.3095238,96.12883329,53.78163265,110.0306279,8.427336,159.283795
2016M3,79.10070664,96.75407996,114.5665949,4.09,1.812608696,71.01016502,176.1956522,98.87064127,55.43520408,93.95099541,8.258152,164.0604717
2016M4,77.99267211,100.8347537,114.0961833,4.02,2.014285714,78.9109979,176.9047619,99.26855196,54.65867347,92.34303216,8.606445571,163.3868378
2016M5,77.80499057,100.1272732,110.0274289,3.99,2.087272727,81.77031323,179.4545455,100.6993406,54.52714286,91.65390505,8.546060714,157.5603421
2016M6,80.23276557,101.4327872,109.4231694,4.04,2.623636364,102.7827195,181.4545455,101.821623,56.22857143,92.80245023,8.657488909,156.6950367
2016M7,91.91881697,97.48945367,93.37241629,4.3,2.772857143,108.6285439,187.7380952,105.3475817,64.41836735,98.77488515,8.3209176,133.710203
2016M8,101.7766974,100.7522523,89.31497722,4.25,2.722173913,106.6429943,185.6086957,104.1526879,71.32694805,97.62633997,8.599403913,127.899911
2016M9,108.9781608,99.2026845,86.06698601,3.96,2.898636364,113.5560295,182.8863636,102.6250752,76.37386364,90.96477795,8.467145238,123.2487562
2016M10,137.3249362,100.57264,85.5849669,4.01,3.072380952,120.3625906,180.7619048,101.4329538,96.23979592,92.11332312,8.58407365,122.5585002
2016M11,158.9971637,103.5881273,85.57888981,4.54,2.879090909,112.7903232,183.1363636,102.7653605,111.4280844,104.287902,8.84145145,122.5497977
2016M12,132.8939265,105.7354124,85.78596092,5.16,3.585454545,140.4625938,173.9772727,97.62581714,93.13446429,118.5298622,9.024726476,122.8463256
2017M1,130.4539573,105.4127972,95.7715152,6.278139859,3.315909091,129.9029693,176.7727273,99.19446189,91.4244898,144.214545,8.997190632,137.1457358
2017M2,122.6699056,99.51678105,102.9053401,6.100298306,2.9015,113.6682144,184.6,103.5866672,85.96928571,140.1293638,8.493954,147.3614421
2017M3,123.1901051,100.6478773,102.2559432,4.945020348,2.99173913,117.203393,190.173913,106.7144195,86.33385093,113.5915853,8.590495304,146.4314994
2017M4,128.579326,101.0055573,96.65269282,5.035127314,3.1915,125.0291595,192.875,108.2301107,90.11071429,115.6614237,8.621024,138.4075907
2017M5,114.3212076,106.6906679,102.2620283,5.077170774,3.235652174,126.7588506,200.4130435,112.4600175,80.11836735,116.6272,9.106259429,146.4402133
2017M6,122.2476717,107.7529028,109.8080516,4.983818253,2.993636364,117.2777184,206.1590909,115.6843615,85.67337662,114.4828083,9.196923273,157.2461917
2017M7,129.5257418,108.3723832,121.8793562,5.096027583,2.954285714,115.7361303,205.452381,115.2877974,90.77397959,117.060358,9.24979715,174.5324167
2017M8,146.6463379,112.6006215,97.10186881,5.536058643,2.903913043,113.762747,189.0434783,106.0800859,102.7724026,127.168269,9.610685652,139.0508151
2017M9,149.5038518,107.7704223,96.65674421,6.040606393,3.009047619,117.8814647,188.6904762,105.8820019,104.775,138.7581867,9.1984186,138.4133923
2017M10,147.3273602,106.3348461,93.11705002,5.892519354,2.911818182,114.0724361,189.4772727,106.3235059,103.2496753,135.3564936,9.075889333,133.344516
2017M11,146.2391143,107.5675805,96.40015609,6.734037524,3.053636364,119.6282588,190.1363636,106.693349,102.487013,154.6869263,9.18110565,138.0459557
2017M12,151.2072854,108.3054049,102.7250532,7.209791626,2.76952381,108.4979583,184.3333333,103.4370295,105.968797,165.6154278,9.244080421,147.1032695
2018M1,159.7171015,111.024306,109.2087906,6.64830331,3.15173913,123.4715007,188.0434783,105.5189447,111.9326299,152.7175339,9.476144,156.3880441
2018M2,159.0674202,102.977143,120.3128183,7.841035562,2.658,104.1289381,194.825,109.324336,111.4773214,180.1156714,8.789302737,172.2891191
2018M3,150.8637786,100.5950756,126.3391021,8.536361301,2.700909091,105.8099306,193.9090909,108.8103817,105.7280612,196.0879319,8.585988571,180.9188159
2018M4,141.5822422,103.5586558,125.9603292,7.064732567,2.723809524,106.7070704,190.8095238,107.0710869,99.22339286,162.2832902,8.838936,180.3764094
2018M5,156.0676096,94.58741215,134.568805,7.460863074,2.833913043,111.0204499,188,105.4945473,109.375,171.3827659,8.073222619,192.70383
2018M6,173.4037635,97.55623729,134.830947,7.50442301,2.941428571,115.232443,185.547619,104.1184153,121.5244898,172.383377,8.326617714,193.0792198
2018M7,178.4855201,101.6069572,137.4334836,7.621062683,2.793181818,109.4247767,182.8636364,102.612322,125.0858766,175.0626956,8.672354667,196.8060775
2018M8,176.55781,95.5286989,147.5493241,8.104114079,2.90826087,113.933076,179.9782609,100.9932189,123.7349026,186.1588226,8.153563304,211.2920588
2018M9,174.4091847,96.45809323,133.4798401,9.518880183,2.8975,113.5115117,176.125,98.83099542,122.2291071,218.6572783,8.232888947,191.1444218
2018M10,163.7545002,95.39769182,131.6063786,8.595914599,3.207391304,125.651712,168.3695652,94.47910137,114.7621118,197.4559249,8.142381591,188.4616067
2018M11,153.4676796,95.34533461,126.7815398,8.204490167,4.108181818,160.9407864,171.0227273,95.96789993,107.5529221,188.4645521,8.1379128,181.5523909
2018M12,151.4567253,96.12216241,131.6582145,7.892945821,3.904285714,152.9530193,183.1904762,102.7957253,106.143609,181.308097,8.204216588,188.5358363
2019M1,150.3975199,97.12949012,131.8740744,7.161064953,3.108695652,121.7852434,185.9565217,104.3478674,105.4012987,164.4961321,8.290194,188.8449497
2019M2,144.6268983,92.1735102,124.2426679,5.98633856,2.6795,104.971215,188.6,105.831232,101.3571429,137.5116055,7.867191316,177.9167018
2019M3,142.219362,89.7820898,114.8781662,5.197180073,2.803333333,109.8224692,194.3571429,109.0618021,99.66989796,119.3839221,7.663078857,164.5066448
2019M4,126.6586115,88.87689569,111.0537813,4.95324985,2.597272727,101.7499063,208.2954545,116.8831632,88.76464286,113.7806244,7.58581875,159.0300887
2019M5,127.7996249,87.9233536,110.5311636,4.360182888,2.59173913,101.5331239,200.326087,112.4112226,89.56428571,100.1573405,7.504432048,158.281695
2019M6,110.7702918,94.07640794,121.9948209,3.483036,2.33,91.27931743,202.625,113.7012375,77.62982143,80.00848391,8.0296074,174.6977632
2019M7,111.0784831,93.0310134,114.4383008,3.595943909,2.302173913,90.18921175,204.6521739,114.8387683,77.84580745,82.6020806,7.940380909,163.8767533
2019M8,99.51125592,90.0766839,104.3030701,3.270196677,2.173636364,85.15366679,204.2272727,114.6003387,69.73928571,75.11937236,7.688223045,149.363005
2019M9,95.54358958,88.71407403,102.3530004,3.086804586,2.507142857,98.21900802,205.6190476,115.381321,66.95867347,70.90669034,7.5719216,146.5704863
2019M10,98.733549,88.3227111,106.9972454,3.339724246,2.340869565,91.70513996,212.8043478,119.413289,69.19425466,76.71648344,7.538518,153.22109
2019M11,99.49669568,94.56851839,110.0050283,4.781019523,2.625238095,102.8454684,258.3333333,144.961479,69.72908163,109.8243382,8.07161,157.5282643
2019M12,100.5462708,95.40039068,115.4005063,4.243548744,2.282727273,89.42737654,250.5681818,140.6041325,70.46464286,97.47814879,8.142611944,165.2546408
2020M1,102.8885706,93.38490645,124.4696744,3.626269711,2.033913043,79.67991172,212.5,119.2425069,72.10616883,83.29869167,7.970586381,178.2417773
2020M2,101.381774,86.78178111,120.2723043,2.995477203,1.845,72.27911616,206.875,116.0860876,71.05017857,68.80881784,7.406996579,172.2311028
2020M3,100.1756001,87.36455787,119.3251382,2.789823671,1.733181818,67.89856367,192.3863636,107.9559167,70.20487013,64.08477039,7.456737727,170.8747517
2020M4,92.20652738,82.87758825,125.5204638,2.083882202,1.763636364,69.09164097,195.4318182,109.6648467,64.62,47.86865702,7.073766,179.7465179
2020M5,77.26443004,85.70221558,122.1744326,1.46261232,1.809047619,70.87065745,214.9047619,120.5919179,54.14830827,33.5975265,7.314853526,174.9549688
2020M6,78.48365014,94.1487028,118.5203845,1.647299982,1.699545455,66.58083649,215.7272727,121.0534626,55.00275974,37.83996897,8.035777909,169.7223367
2020M7,73.73126868,83.26666898,119.1152024,1.640862822,1.764782609,69.13654589,199.3043478,111.8378827,51.67220497,37.69210158,7.10697481,170.5741217
2020M8,73.31788754,81.34658569,121.6349866,2.611565546,2.34047619,91.68972924,200.4285714,112.4687309,51.3825,59.9900202,6.943091905,174.182477
2020M9,74.20710809,79.55398158,142.5530275,3.854995574,2.285,89.51641216,197.7272727,110.9529209,52.00568182,88.55273142,6.7900896,204.1373138
2020M10,82.85956585,80.56103745,142.0565128,4.813821635,2.829090909,110.8315395,190.0454545,106.6423361,58.06948052,110.5778324,6.87604381,203.4263
2020M11,89.81850185,84.41044332,147.1735429,4.783507944,2.87047619,112.4528358,190.7857143,107.0577264,62.94642857,109.8814995,7.204598211,210.7539365
2020M12,114.9938908,91.68600803,151.7535443,5.828639183,2.584782609,101.2605975,189.1086957,106.1166821,80.58979592,133.8891083,7.825582041,217.3125429
2021M1,129.8416263,88.25563836,166.1610636,7.302820662,2.649047619,103.7782225,197.0952381,110.5982602,90.99535714,167.7523889,7.532793209,237.9442498
2021M2,131.9682226,87.09661047,168.15975,6.171340829,2.917,114.2754373,204.625,114.8235199,92.48571429,141.7612748,7.433867887,240.8063881
2021M3,135.8853396,76.30940963,160.5349141,6.205197385,2.622173913,102.725427,205.2826087,115.1925312,95.23090062,142.5389905,6.51315897,229.8875493
2021M4,139.6192302,83.35182274,167.5520413,7.282723606,2.683636364,105.1332599,224.8181818,126.1547463,97.84767857,167.2907413,7.114242851,239.9361433
2021M5,148.6935743,86.69833006,194.4449198,9.004704035,2.961428571,116.0159565,239.952381,134.6471691,104.2071429,206.8461876,7.399873867,278.4470054
2021M6,188.5695145,87.11005802,166.7356246,10.32413911,3.272727273,128.2112925,246.9772727,138.5891254,132.1529221,237.1548035,7.435015662,238.7670267
2021M7,218.5991232,90.46800172,170.130141,12.5242466,3.809545455,149.2415059,245.6818182,137.8621925,153.1982143,287.6932604,7.721622795,243.628007
2021M8,247.6653732,94.36771852,191.9512388,15.27902912,4.032272727,157.9669967,247.1363636,138.6783979,173.5683673,350.9731037,8.054471333,274.87603
2021M9,268.4332772,95.96245021,188.3601159,22.23282724,5.096818182,199.671281,249.25,139.8644463,188.1228896,510.7081296,8.190584836,269.7335073
2021M10,343.5016237,96.34501554,205.3315871,29.81414289,5.571428571,218.2644623,251.2857143,141.0067695,240.7321429,684.8577999,8.223237544,294.0368183
2021M11,253.7058226,98.64503622,221.6726336,27.38382608,5.119090909,200.5438301,258.4545455,145.0294961,177.8016234,629.031227,8.419548855,317.4373548
2021M12,258.9459218,98.74514019,226.2679558,37.36336306,3.85826087,151.1499651,260.9347826,146.4212594,181.4739796,858.2702082,8.428092927,324.0179006
2022M1,330.6994932,102.2335408,227.7091257,27.89094479,4.233333333,165.8436812,262.5238095,147.3129278,231.7601786,640.680202,8.725834814,326.0816698
2022M2,388.8124461,97.25317541,242.668213,26.98428134,4.475,175.3111354,269.875,151.4379838,272.4867857,619.8533233,8.300750783,347.5032275
2022M3,504.3256533,91.71394231,270.7139637,41.72768831,4.971304348,194.7541921,275.3043478,154.4846146,353.440528,958.5227024,7.827966288,387.6650137
2022M4,477.6107385,88.41772569,283.5364138,31.9898743,6.744761905,264.2305849,271.3095238,152.2429542,334.7182331,734.8363163,7.546627683,406.0268863
2022M5,597.1505289,90.96030189,310.1631066,27.46416643,8.16,319.6734894,269.1818182,151.0490109,418.4938776,630.8767174,7.763641588,444.1565678
2022M6,609.894382,93.26235435,277.6882924,32.91260722,7.570909091,296.5954567,262.8409091,147.4908655,427.425,756.0323251,7.960126317,397.6523199
2022M7,618.74337,88.99805587,224.841448,51.14591252,7.109047619,278.5017228,257.6428571,144.5740243,433.6265306,1174.867822,7.596160011,321.9751277
2022M8,638.4646572,93.49616556,225.5688461,69.97723933,8.777391304,343.860209,252.0434783,141.4319821,447.4475649,1607.440413,7.980082566,323.0167688
2022M9,667.4823289,98.54615234,241.8434655,55.1791274,7.835,306.9413957,246.6136364,138.385074,467.7836735,1267.514412,8.411108921,346.3221811
2022M10,609.1583617,96.2864403,247.0045522,20.80663685,6.093809524,238.7290875,241.5238095,135.5289625,426.9091837,477.9472477,8.218238031,353.7129072
2022M11,525.4691598,98.34681437,240.4521897,28.79080462,6.478181818,253.7871307,228.6136364,128.2845323,368.2582792,661.3507953,8.394095031,344.3298607
2022M12,610.2681799,90.78330894,226.0144223,35.36873121,5.746818182,225.1354682,213,119.5230775,427.6869643,812.4517124,7.74853489,323.6548381
2023M1,577.2328439,82.84501517,223.5299467,19.88618693,3.471363636,135.9930057,211,118.4007951,404.5352041,456.8036814,7.070985823,320.0970451
2023M2,348.4575665,79.62323147,232.1297338,16.73725918,2.438,95.51029008,216.9,121.7115282,244.2053571,384.4699659,6.796000215,332.4120234
2023M3,279.6720486,84.21486286,216.0806637,13.87044037,2.409130435,94.37930544,238.4782609,133.8199796,195.9992236,318.6165475,7.187905031,309.4295999
2023M4,286.3456306,82.58961163,218.4418381,13.68398726,2.1955,86.01018945,248.375,139.3734478,200.6761905,314.3335512,7.049186627,312.8108244
2023M5,255.7900983,81.59921375,209.1047376,9.970048913,2.315217391,90.70019879,240.9565217,135.2106339,179.2623214,229.0210317,6.964654209,299.4400063
2023M6,197.8140447,82.84395473,197.1193011,10.2937317,2.479090909,97.12005409,228.8863636,128.4375708,138.6316558,236.4563177,7.070895313,282.2767453
2023M7,201.2356688,81.01521867,194.56405,9.611719136,2.643809524,103.5730166,216.8809524,121.7008398,141.0295918,220.789873,6.914809074,278.617601
2023M8,218.0202542,78.32897534,168.5839718,10.7174213,2.64826087,103.7474011,214.3478261,120.2793983,152.7925325,246.1888507,6.685532896,241.4138778
2023M9,240.4034518,81.31662897,160.1879623,11.42793016,2.70047619,105.7929714,220.5,123.7316366,168.4790816,262.5098811,6.940535039,229.390711
2023M10,215.0890787,83.3746454,151.160948,13.38884281,3.166363636,124.0444255,226.9090909,127.3280416,150.7383117,307.5538165,7.11619081,216.4639391
2023M11,188.521565,80.64458691,150.8371582,13.71431567,3.055454545,119.6994873,221.1590909,124.1014796,132.1193182,315.0302221,6.883174921,216.000269
2023M12,213.1255253,82.60505745,160.3574455,11.29629149,2.534761905,99.30100279,218.9285714,122.8498432,149.362218,259.4860219,7.050504958,229.6334126
2024M1,200.9335438,82.58273452,157.8750037,9.531191123,2.720434783,106.5748627,219.8913043,123.3900724,140.8178571,218.9400717,7.048599651,226.0785319
2024M2,183.6432547,84.25029024,153.098176,8.098181356,1.793333333,70.25503974,234,131.3070429,128.7005102,186.0225426,7.190928828,219.2380685
2024M3,196.4892479,84.11730558,147.9326723,8.511035509,1.747142857,68.44549676,250.7619048,140.7128384,137.7032143,195.5061756,7.179578325,211.8410172
2024M4,196.1926557,82.68621959,145.5169535,9.129581313,1.786818182,69.99980429,270.5681818,151.8269566,137.4953571,209.7147315,7.057432307,208.3816845
2024M5,211.1904345,84.18416499,158.819298,10.10962113,2.419130435,94.77106217,269.0217391,150.9591839,148.0060714,232.2271317,7.185284908,227.4307704
2024M6,204.7739536,81.94889888,143.3133164,10.80662625,2.8195,110.4558092,263.625,147.9308512,143.5092857,248.237969,6.994500526,205.2260549
2024M7,202.6121943,82.74527493,127.9499979,10.23979241,2.215217391,86.78263152,270.6304348,151.8618893,141.9942857,235.2172835,7.062472797,183.2256342
2024M8,216.3685667,87.36888418,122.5623472,12.1938459,2.095,82.07303434,273.5454545,153.4976271,151.635,280.1036578,7.457106986,175.5104663
2024M9,212.2422665,92.43306414,131.6368322,11.750812,2.400952381,94.05892468,271.047619,152.0959886,148.7432143,269.9267687,7.889344758,188.5052166
